distrito,seccion
1,821
1,822
1,823
1,824
1,825
1,826
1,827
1,828
1,829
1,830
1,831
1,832
1,833
1,834
1,835
1,836
1,837
1,838
1,839
1,840
1,841
1,842
1,843
1,844
1,845
1,846
1,847
1,848
1,849
1,850
1,851
1,852
1,853
1,854
1,855
1,856
1,857
1,858
1,859
1,860
1,861
1,862
1,863
1,864
1,865
1,866
1,867
1,868
1,869
1,870
1,871
1,872
1,873
1,874
1,875
1,876
1,877
1,878
1,879
1,880
1,881
1,882
1,883
1,884
1,885
1,886
1,887
1,888
1,889
1,890
1,891
1,892
1,893
1,894
1,895
1,896
1,897
1,898
1,899
1,900
1,901
1,902
1,903
1,904
1,905
1,906
1,907
1,908
1,909
1,910
1,911
1,912
1,913
1,914
1,915
1,916
1,917
1,918
1,919
1,920
1,921
1,922
1,923
1,924
1,925
1,926
1,927
1,928
1,929
1,930
1,931
1,932
1,933
1,934
1,935
1,936
1,937
1,938
1,939
1,940
1,941
1,942
1,943
1,944
1,945
1,946
1,947
1,948
1,949
1,950
1,951
1,952
1,953
1,954
1,955
1,956
1,957
1,958
1,959
1,960
1,961
1,962
1,963
1,964
1,965
1,966
1,967
1,968
1,969
1,970
1,971
1,972
1,973
1,974
1,975
1,976
1,977
1,978
1,979
1,980
1,981
1,982
1,983
1,984
1,985
1,986
1,987
1,988
1,989
1,990
1,991
1,992
1,993
1,994
1,995
1,996
1,997
1,998
1,999
1,1000
1,1001
1,1002
1,1003
1,1004
1,1005
1,1006
1,1007
1,1008
1,1009
1,1010
1,1011
1,1012
1,1013
1,1014
1,1015
1,1016
1,1017
1,1018
1,1019
1,1020
1,1021
1,1022
1,1023
1,1024
1,1025
1,1026
1,1027
1,1028
1,1029
1,1030
1,1031
1,1032
1,1033
1,1034
1,1035
1,1071
1,1072
1,1073
1,1074
1,1075
1,1076
1,1077
1,1078
2,1036
2,1037
2,1038
2,1039
2,1040
2,1041
2,1042
2,1043
2,1044
2,1045
2,1046
2,1047
2,1048
2,1049
2,1050
2,1051
2,1052
2,1053
2,1054
2,1055
2,1056
2,1057
2,1058
2,1059
2,1060
2,1061
2,1062
2,1063
2,1064
2,1065
2,1066
2,1067
2,1068
2,1069
2,1070
2,1079
2,1080
2,1081
2,1082
2,1083
2,1084
2,1085
2,1086
2,1087
2,1088
2,1089
2,1090
2,1091
2,1092
2,1093
2,1094
2,1095
2,1096
2,1097
2,1098
2,1099
2,1100
2,1101
2,1102
2,1103
2,1104
2,1105
2,1106
2,1107
2,1108
2,1109
2,1110
2,1111
2,1112
2,1113
2,1114
2,1115
2,1116
2,1117
2,1118
2,1119
2,1120
2,1121
2,1122
2,1123
2,1124
2,1125
2,1126
2,1127
2,1128
2,1129
2,1130
2,1131
2,1132
2,1133
2,1134
2,1135
2,1136
2,1137
2,1138
2,1139
2,1140
2,1141
2,1142
2,1143
2,1144
2,1145
2,1146
2,1147
2,1148
2,1149
2,1150
2,1151
2,1152
2,1161
2,1162
2,1163
2,1164
2,1165
2,1166
2,1167
2,1174
2,1175
2,1176
2,1177
2,1178
2,1179
2,1180
2,1181
2,1182
2,1183
2,1184
2,1185
2,1186
2,1187
2,1194
2,1195
2,1196
2,1197
2,1198
2,1199
2,1200
2,1201
2,1202
2,1210
2,1211
2,1212
2,1213
2,1214
2,1215
2,1216
2,1217
2,1218
2,1219
2,1220
2,1221
2,1222
2,1223
2,1224
2,1225
2,1226
2,1227
2,1228
2,1229
2,1230
2,1231
2,1232
2,1233
2,1234
2,1235
2,1236
2,1237
2,1238
2,1239
2,1240
2,1241
2,1242
2,1243
2,1244
2,1245
2,1246
2,1247
2,1248
2,1249
2,1250
2,1251
2,1252
2,1253
2,1254
2,1255
2,1256
2,1257
2,1258
2,1259
2,1260
2,1261
2,1262
2,1263
2,1264
2,1265
2,1266
2,1267
2,1268
2,1269
2,1270
2,1271
2,1272
2,1273
2,1274
2,1275
2,1276
2,1277
2,1278
2,1279
2,1280
2,1281
2,1282
2,1283
2,1284
2,1285
2,1286
2,1287
2,1288
2,1289
2,1290
2,1291
2,1292
2,1293
2,1294
2,1295
2,1296
2,1297
2,1298
2,1299
2,1300
2,1301
2,1302
2,1303
2,1304
2,1305
2,1306
2,1307
2,1308
2,1309
2,1310
2,1311
2,1312
2,1313
2,1314
2,1315
2,1316
2,1317
2,1318
2,1319
2,1320
2,1321
2,1322
2,1323
2,1324
2,1325
2,1326
2,1451
2,1452
2,1453
2,1454
2,1455
2,1456
2,1457
2,1458
2,1459
2,1460
2,1461
2,1462
2,1463
2,1464
2,1465
2,1466
2,1467
2,1468
2,1469
2,1470
2,1471
2,1472
2,1473
2,1474
2,1475
2,1476
2,1477
2,1478
2,1479
2,1480
2,1481
2,1482
2,1483
2,1484
2,1485
2,1486
2,1487
2,1488
2,1489
2,1490
2,1491
2,1492
2,1493
2,1494
2,1495
2,1508
2,1509
2,1510
2,1511
2,1512
2,1513
2,1514
2,1515
2,1516
2,1529
2,1530
2,1531
2,1532
2,1533
2,1534
2,1535
2,1537
2,1538
2,1539
2,1540
2,1541
2,1542
2,1543
2,1548
2,1549
2,1550
2,1551
2,1552
2,1553
2,1554
2,1555
2,1556
2,1559
2,1560
2,1561
2,1562
2,1563
2,1564
2,1587
3,1
3,2
3,3
3,4
3,5
3,6
3,7
3,8
3,9
3,10
3,11
3,12
3,13
3,14
3,15
3,16
3,17
3,18
3,19
3,20
3,21
3,22
3,23
3,24
3,25
3,26
3,27
3,28
3,29
3,30
3,31
3,32
3,33
3,34
3,35
3,36
3,37
3,38
3,39
3,40
3,41
3,42
3,43
3,44
3,45
3,46
3,47
3,48
3,49
3,50
3,51
3,52
3,53
3,54
3,55
3,56
3,57
3,58
3,59
3,60
3,61
3,62
3,63
3,64
3,65
3,66
3,67
3,68
3,69
3,70
3,71
3,72
3,73
3,74
3,75
3,76
3,77
3,78
3,79
3,80
3,81
3,82
3,83
3,84
3,85
3,86
3,87
3,88
3,89
3,90
3,91
3,92
3,93
3,94
3,95
3,96
3,97
3,98
3,99
3,100
3,101
3,102
3,103
3,104
3,105
3,106
3,107
3,108
3,109
3,110
3,111
3,112
3,113
3,114
3,115
3,116
3,117
3,118
3,119
3,120
3,121
3,122
3,123
3,124
3,125
3,126
3,127
3,128
3,129
3,130
3,131
3,132
3,133
3,134
3,135
3,136
3,137
3,138
3,139
3,140
3,141
3,142
3,143
3,144
3,145
3,146
3,147
3,148
3,149
3,150
3,151
3,152
3,153
3,154
3,155
3,156
3,157
3,158
3,159
3,160
3,161
3,162
3,163
3,164
3,165
3,166
3,167
3,168
3,169
3,170
3,171
3,172
3,173
3,174
3,175
3,176
3,177
3,178
3,179
3,180
3,181
3,182
3,183
3,184
3,185
3,186
3,187
3,188
3,189
3,190
3,191
3,192
3,193
3,194
3,195
3,196
3,197
3,198
3,199
3,200
3,201
3,202
3,203
3,204
3,205
3,206
3,207
3,208
3,209
3,210
3,211
3,212
3,213
3,214
3,215
3,216
3,217
3,218
3,219
3,220
3,221
3,222
3,223
3,224
3,225
3,226
3,227
3,228
3,229
3,230
3,231
3,232
3,233
3,234
3,235
3,236
3,237
3,238
3,239
3,240
3,241
3,242
3,243
3,244
3,245
3,246
3,247
3,248
3,249
3,250
3,251
3,252
3,253
3,254
3,255
3,256
3,257
3,258
3,259
3,260
3,261
3,262
3,263
3,264
3,265
3,266
3,267
3,268
3,269
3,270
3,271
3,272
3,273
3,274
3,275
3,276
3,277
3,278
3,279
3,280
3,281
3,282
3,283
3,284
3,285
3,286
3,287
3,288
3,289
3,290
3,291
3,292
3,293
3,294
3,295
3,296
3,297
3,298
3,299
3,300
3,301
3,302
3,303
3,304
3,305
3,306
3,307
3,308
3,309
3,310
3,311
3,312
3,313
3,314
3,315
3,316
3,317
3,318
3,319
3,320
3,321
3,322
3,323
3,324
3,325
3,326
3,327
3,328
3,329
3,330
3,331
3,332
3,333
3,334
3,335
3,336
3,337
3,338
3,339
3,340
3,341
3,342
3,343
3,344
3,5512
3,5513
3,5514
4,2639
4,2640
4,2641
4,2642
4,2643
4,2644
4,2645
4,2646
4,2647
4,2648
4,2662
4,2663
4,2664
4,2665
4,2666
4,2667
4,2668
4,2669
4,2670
4,2671
4,2731
4,2732
4,2733
4,2734
4,2735
4,2736
4,2737
4,2738
4,2739
4,2740
4,2741
4,2752
4,2753
4,2754
4,2755
4,2756
4,2757
4,2758
4,2759
4,2760
4,2761
4,2762
4,2763
4,2764
4,2765
4,2766
4,2828
4,2829
4,2830
4,2831
4,2832
4,2833
4,2834
4,2835
4,2836
4,2837
4,2838
4,2839
4,2840
4,2842
4,2843
4,2844
4,2845
4,2846
4,2847
4,2848
4,2849
4,2850
4,2851
4,2852
4,2853
4,2854
4,2855
4,2856
4,2857
4,2869
4,2870
4,2871
4,2872
4,2873
4,2874
4,2875
4,2876
4,2877
4,2878
4,2879
4,2880
4,2881
4,2882
4,2883
4,2884
4,2885
4,2886
4,2887
4,2888
4,2889
4,2890
4,2891
4,2892
4,2893
4,2894
4,2895
4,2896
4,2897
4,2898
4,2899
4,2900
4,2901
4,2902
4,2903
4,2904
4,2905
4,2906
4,2907
4,2908
4,2909
4,2910
4,2911
4,2912
4,2913
4,2914
4,2915
4,2916
4,2917
4,2918
4,2919
4,2920
4,2921
4,2922
4,2923
4,2924
4,2925
4,2926
4,2927
4,2928
4,2929
4,2930
4,2931
4,2932
4,2933
4,2934
4,2935
4,2936
4,2937
4,2938
4,2939
4,2940
4,2941
4,2942
4,2943
4,2944
4,2945
4,2946
4,2947
4,2948
4,2949
4,2950
4,2951
4,2952
4,2953
4,2954
4,2955
4,2956
4,2957
4,2958
4,2959
4,2960
4,2961
4,2962
4,2966
4,2967
5,3899
5,3903
5,3910
5,3911
5,3912
5,3913
5,3935
5,3936
5,3937
5,3938
5,3939
5,3940
5,3941
5,3942
5,3943
5,3944
5,3945
5,3946
5,3947
5,3948
5,3949
5,3950
5,3951
5,3952
5,3953
5,3954
5,3955
5,3956
5,3957
5,3958
5,3959
5,3960
5,3961
5,3962
5,3963
5,3964
5,3965
5,3966
5,3967
5,3968
5,3969
5,3970
5,3971
5,3972
5,3973
5,3974
5,3975
5,3976
5,3977
5,3978
5,3979
5,3980
5,3981
5,3982
5,3983
5,3984
5,3985
5,3986
5,3987
5,3988
5,3989
5,3990
5,3991
5,3992
5,3993
5,3994
5,3995
5,3997
5,3998
5,3999
5,4000
5,4001
5,4002
5,4003
5,4004
5,4005
5,4006
5,4007
5,4008
5,4009
5,4010
5,4011
5,4012
5,4013
5,4014
5,4015
5,4016
5,4017
5,4018
5,4019
5,4020
5,4021
5,4022
5,4023
5,4024
5,4025
5,4026
5,4027
5,4028
5,4029
5,4030
5,4031
5,4032
5,4033
5,4034
5,4035
5,4036
5,4037
5,4038
5,4039
5,4040
5,4041
5,4042
5,4043
5,4044
5,4045
5,4046
5,4047
5,4048
5,4049
5,4050
5,4051
5,4052
5,4053
5,4054
5,4055
5,4056
5,4057
5,4058
5,4059
5,4060
5,4061
5,4062
5,4063
5,4064
5,4065
5,4066
5,4067
5,4068
5,4069
5,4070
5,4071
5,4072
5,4073
5,4074
5,4075
5,4076
5,4077
5,4078
5,4079
5,4080
5,4081
5,4082
5,4083
5,4084
5,4085
5,4086
5,4087
5,4088
5,4089
5,4090
5,4091
5,4092
5,4093
5,4094
5,5518
5,5519
5,5544
6,2972
6,2973
6,2974
6,2975
6,2976
6,2977
6,2978
6,2979
6,2980
6,2981
6,2982
6,2983
6,2984
6,2985
6,2986
6,2987
6,2988
6,2989
6,2990
6,2991
6,2992
6,2993
6,2994
6,2995
6,2996
6,2997
6,2998
6,2999
6,3000
6,3001
6,3002
6,3003
6,3004
6,3005
6,3006
6,3007
6,3008
6,3009
6,3010
6,3011
6,3012
6,3013
6,3014
6,3015
6,3016
6,3017
6,3018
6,3019
6,3020
6,3021
6,3022
6,3023
6,3024
6,3025
6,3026
6,3027
6,3028
6,3029
6,3030
6,3031
6,3032
6,3033
6,3034
6,3035
6,3036
6,3037
6,3038
6,3039
6,3040
6,3041
6,3042
6,3043
6,3044
6,3045
6,3046
6,3047
6,3048
6,3049
6,3050
6,3051
6,3052
6,3053
6,3054
6,3055
6,3056
6,3057
6,3058
6,3059
6,3060
6,3061
6,3062
6,3063
6,3064
6,3065
6,3066
6,3067
6,3068
6,3069
6,3070
6,3071
6,3072
6,3073
6,3074
6,3075
6,3076
6,3077
6,3078
6,3079
6,3080
6,3081
6,3082
6,3083
6,3084
6,3085
6,3086
6,3087
6,3088
6,3089
6,3090
6,3091
6,3092
6,3093
6,3094
6,3095
6,3096
6,3097
6,3098
6,3099
6,3100
6,3101
6,3102
6,3103
6,3104
6,3105
6,3106
6,3107
6,3108
6,3109
6,3110
6,3111
6,3112
6,3113
6,3114
6,3115
6,3116
6,3117
6,3118
6,3217
6,3218
6,3219
6,3220
6,3221
6,3222
6,3223
6,3224
6,3225
6,3226
6,3227
6,3228
6,3229
6,3230
6,3231
6,3232
6,3233
6,3234
6,3430
6,3431
6,3432
6,3453
6,3454
6,3455
6,3456
6,3457
6,3458
6,3459
6,3460
6,3461
6,3462
6,3463
6,3464
6,3465
6,3466
6,3467
6,3468
6,3469
6,3470
6,3471
6,3472
6,3504
6,3505
6,3522
6,3525
6,3527
6,3528
6,3529
6,3530
6,3531
6,3532
6,3542
6,3543
6,3544
6,3545
6,3546
6,3547
6,3548
6,3549
6,3550
6,3551
6,3552
6,3553
6,3554
6,3555
6,3556
6,3557
6,3563
6,3564
6,3565
6,3566
6,3567
6,3568
6,3569
6,3570
6,3571
6,3572
6,3573
6,3574
6,3575
6,3576
6,3577
6,3578
6,3579
6,3580
6,3581
6,3590
6,3591
6,3592
6,3593
6,3595
6,3596
6,3597
6,3598
6,3599
6,3600
6,3601
6,3606
6,3607
6,3608
7,1153
7,1154
7,1155
7,1156
7,1157
7,1158
7,1159
7,1160
7,1168
7,1169
7,1170
7,1171
7,1172
7,1173
7,1188
7,1189
7,1190
7,1191
7,1192
7,1193
7,1203
7,1204
7,1205
7,1206
7,1207
7,1208
7,1209
7,1327
7,1328
7,1329
7,1330
7,1331
7,1332
7,1333
7,1334
7,1335
7,1336
7,1337
7,1338
7,1339
7,1340
7,1341
7,1342
7,1343
7,1344
7,1345
7,1346
7,1347
7,1348
7,1349
7,1350
7,1351
7,1352
7,1353
7,1354
7,1355
7,1356
7,1357
7,1358
7,1359
7,1360
7,1361
7,1362
7,1363
7,1364
7,1365
7,1366
7,1367
7,1368
7,1369
7,1370
7,1371
7,1372
7,1373
7,1374
7,1375
7,1376
7,1377
7,1378
7,1379
7,1380
7,1381
7,1382
7,1383
7,1384
7,1385
7,1386
7,1387
7,1388
7,1389
7,1390
7,1391
7,1392
7,1393
7,1394
7,1395
7,1396
7,1397
7,1398
7,1399
7,1400
7,1401
7,1402
7,1403
7,1404
7,1405
7,1406
7,1407
7,1408
7,1409
7,1410
7,1411
7,1412
7,1413
7,1414
7,1415
7,1416
7,1417
7,1418
7,1419
7,1420
7,1421
7,1422
7,1423
7,1424
7,1425
7,1426
7,1427
7,1428
7,1429
7,1430
7,1431
7,1432
7,1433
7,1434
7,1435
7,1436
7,1437
7,1438
7,1439
7,1440
7,1441
7,1442
7,1443
7,1444
7,1445
7,1446
7,1447
7,1448
7,1449
7,1450
7,1496
7,1497
7,1498
7,1499
7,1500
7,1501
7,1502
7,1503
7,1504
7,1505
7,1506
7,1507
7,1517
7,1518
7,1519
7,1520
7,1521
7,1522
7,1523
7,1524
7,1525
7,1526
7,1527
7,1528
7,1536
7,1544
7,1545
7,1546
7,1547
7,1557
7,1558
7,1565
7,1566
7,1567
7,1568
7,1569
7,1570
7,1571
7,1572
7,1573
7,1574
7,1575
7,1576
7,1577
7,1578
7,1579
7,1580
7,1581
7,1582
7,1583
7,1584
7,1585
7,1586
7,1588
7,1589
7,1590
7,1591
7,1592
7,1593
7,1594
7,1595
7,1596
7,1597
7,1598
7,1599
7,1600
7,1601
7,1602
7,1603
7,1604
7,1605
7,1606
7,1607
7,1608
7,1609
7,1610
7,1611
7,1612
7,1613
7,1614
7,1615
7,1616
7,1617
7,1618
7,1619
7,1620
7,1621
7,1622
7,1623
7,1624
7,1625
7,1626
7,1627
7,1628
7,1629
7,1630
7,1631
7,1632
7,1633
7,1634
7,1635
7,1636
7,1637
7,1638
7,1639
7,1640
7,1641
7,1642
7,1643
7,1644
7,1645
7,1646
7,1647
7,1648
7,1649
7,1650
7,1651
7,1652
7,1653
7,1654
7,1655
7,1656
7,1657
7,1658
7,1659
7,1660
7,1661
7,1662
7,1663
7,1664
7,1665
7,1666
7,1667
7,1668
7,1669
7,1670
7,1671
7,5537
7,5538
7,5539
7,5540
7,5541
7,5542
7,5543
8,4586
8,4587
8,4588
8,4589
8,4590
8,4591
8,4592
8,4593
8,4594
8,4595
8,4596
8,4597
8,4598
8,4599
8,4600
8,4601
8,4602
8,4603
8,4604
8,4605
8,4606
8,4607
8,4608
8,4609
8,4610
8,4611
8,4612
8,4613
8,4614
8,4615
8,4616
8,4617
8,4618
8,4619
8,4620
8,4621
8,4622
8,4623
8,4624
8,4625
8,4626
8,4627
8,4628
8,4630
8,4634
8,4646
8,4647
8,4648
8,4649
8,4650
8,4651
8,4654
8,4655
8,4656
8,4657
8,4658
8,4659
8,4660
8,4661
8,4662
8,4663
8,4664
8,4665
8,4666
8,4667
8,4668
8,4669
8,4670
8,4671
8,4672
8,4673
8,4674
8,4675
8,4676
8,4677
8,4678
8,4679
8,4680
8,4681
8,4682
8,4683
8,4684
8,4685
8,4686
8,4687
8,4688
8,4689
8,4690
8,4691
8,4692
8,4693
8,4694
8,4695
8,4696
8,4697
8,4698
8,4704
8,4705
8,4706
8,4707
8,4712
8,4713
8,4714
8,4715
8,4716
8,4717
8,4718
8,4719
8,4720
8,4721
8,4724
8,4725
8,4726
8,4727
8,4728
8,4729
8,4730
8,4731
8,4732
8,4733
8,4734
8,4735
8,4736
8,4737
8,4738
8,4739
8,4740
8,4741
8,4742
8,4743
8,4744
8,4745
8,4746
8,4759
8,4821
8,4822
8,4823
8,4824
8,4825
8,4826
8,4827
8,4828
8,4829
8,4830
8,5183
8,5184
8,5185
8,5186
8,5187
8,5188
8,5189
8,5190
8,5191
8,5192
8,5193
8,5194
8,5195
8,5196
8,5197
8,5198
8,5199
8,5200
8,5201
8,5202
8,5203
8,5204
8,5205
8,5206
8,5207
8,5208
8,5209
8,5210
8,5211
8,5212
8,5213
8,5214
8,5215
8,5216
8,5217
8,5218
8,5219
8,5220
8,5221
8,5222
8,5223
8,5224
8,5225
8,5226
8,5227
8,5228
8,5229
8,5230
8,5231
8,5232
8,5233
8,5234
8,5235
8,5236
8,5237
8,5238
8,5239
8,5240
8,5241
8,5242
8,5243
8,5244
8,5245
8,5246
8,5247
8,5248
8,5249
8,5250
8,5251
8,5252
8,5253
8,5254
8,5255
8,5256
8,5257
8,5270
8,5271
8,5272
8,5273
8,5338
8,5340
8,5341
9,3609
9,3610
9,3611
9,3612
9,3613
9,3614
9,3615
9,3616
9,3617
9,3618
9,3619
9,3620
9,3621
9,3622
9,3623
9,3624
9,3625
9,3626
9,3627
9,3628
9,3629
9,3630
9,3631
9,3632
9,3633
9,3634
9,3635
9,3636
9,3637
9,3638
9,3639
9,3640
9,3641
9,3642
9,3643
9,3644
9,3645
9,3646
9,3647
9,3648
9,3649
9,3650
9,3651
9,3652
9,3653
9,3654
9,3655
9,3656
9,3657
9,3658
9,3659
9,3660
9,3661
9,3662
9,3663
9,3664
9,3665
9,3666
9,3667
9,3668
9,3669
9,3670
9,3671
9,3672
9,3673
9,3674
9,3675
9,3676
9,3677
9,3678
9,3679
9,3680
9,3681
9,3682
9,3683
9,3684
9,3685
9,3686
9,3687
9,3688
9,3689
9,3690
9,3691
9,3692
9,3693
9,3694
9,3695
9,3696
9,3697
9,3698
9,3699
9,3700
9,3701
9,3702
9,3703
9,3704
9,3705
9,3706
9,3707
9,3708
9,3709
9,3710
9,3711
9,3712
9,3713
9,3714
9,3715
9,3716
9,3717
9,3718
9,3719
9,3720
9,3721
9,3722
9,3723
9,3724
9,3725
9,3726
9,3727
9,3728
9,3729
9,3730
9,3731
9,3732
9,3733
9,3734
9,3735
9,3736
9,3737
9,3738
9,3739
9,3740
9,3741
9,4153
9,4154
9,4155
9,4156
9,5548
9,5549
9,5550
9,5551
9,5552
9,5553
9,5554
9,5555
9,5556
10,4913
10,4914
10,4915
10,4916
10,4917
10,4918
10,4919
10,4920
10,4921
10,4922
10,4923
10,4924
10,4925
10,4926
10,4927
10,4928
10,4929
10,4930
10,4931
10,4932
10,4933
10,4934
10,4935
10,4936
10,4937
10,4938
10,4939
10,4940
10,4941
10,4942
10,4943
10,4944
10,4945
10,4946
10,4947
10,4948
10,4949
10,4950
10,4951
10,4952
10,4953
10,4954
10,4955
10,4956
10,4957
10,4958
10,4959
10,4960
10,4961
10,4962
10,4963
10,4964
10,4965
10,4966
10,4967
10,4968
10,4969
10,4970
10,4971
10,4972
10,4973
10,4974
10,4975
10,4976
10,4977
10,4978
10,4979
10,4980
10,4981
10,4982
10,4983
10,4984
10,4985
10,4986
10,4987
10,4989
10,4990
10,4992
10,4993
10,4994
10,4995
10,4996
10,4997
10,4998
10,4999
10,5000
10,5001
10,5002
10,5003
10,5004
10,5005
10,5006
10,5007
10,5008
10,5009
10,5010
10,5011
10,5012
10,5013
10,5014
10,5015
10,5016
10,5017
10,5018
10,5019
10,5020
10,5021
10,5022
10,5023
10,5024
10,5025
10,5026
10,5027
10,5028
10,5029
10,5030
10,5031
10,5032
10,5033
10,5034
10,5035
10,5036
10,5037
10,5038
10,5039
10,5040
10,5041
10,5042
10,5043
10,5044
10,5045
10,5046
10,5047
10,5048
10,5049
10,5050
10,5051
10,5052
10,5053
10,5054
10,5055
10,5056
10,5057
10,5058
10,5059
10,5060
10,5061
10,5062
10,5063
10,5064
10,5065
10,5066
10,5067
10,5068
10,5069
10,5070
10,5071
10,5072
10,5073
10,5074
10,5075
10,5076
10,5077
10,5078
10,5079
10,5080
10,5081
10,5082
10,5083
10,5084
10,5085
10,5086
10,5087
10,5088
10,5089
10,5090
10,5095
10,5097
10,5098
10,5099
10,5100
10,5101
10,5102
10,5103
10,5104
10,5105
10,5106
10,5107
10,5108
10,5109
10,5110
10,5111
10,5112
10,5113
10,5114
10,5115
10,5116
10,5117
10,5118
10,5119
10,5120
10,5121
10,5122
10,5123
10,5124
10,5125
10,5126
10,5127
10,5128
10,5129
10,5130
10,5131
10,5132
10,5133
10,5134
10,5135
10,5136
10,5137
10,5138
10,5139
10,5140
10,5141
10,5142
10,5143
10,5144
10,5145
10,5146
10,5147
10,5148
10,5149
10,5150
10,5151
10,5152
10,5153
10,5154
10,5155
10,5156
10,5157
10,5158
10,5159
10,5160
10,5161
10,5162
10,5163
10,5164
10,5165
10,5166
10,5167
10,5168
10,5169
10,5170
10,5171
10,5172
10,5173
10,5174
10,5175
10,5176
10,5177
10,5178
10,5179
10,5180
10,5181
10,5182
11,5258
11,5259
11,5260
11,5261
11,5262
11,5263
11,5264
11,5265
11,5266
11,5267
11,5268
11,5269
11,5274
11,5275
11,5276
11,5277
11,5278
11,5279
11,5280
11,5281
11,5282
11,5283
11,5284
11,5285
11,5286
11,5287
11,5288
11,5289
11,5290
11,5291
11,5292
11,5293
11,5294
11,5295
11,5296
11,5297
11,5298
11,5299
11,5300
11,5301
11,5302
11,5303
11,5304
11,5305
11,5306
11,5307
11,5308
11,5309
11,5310
11,5311
11,5312
11,5313
11,5314
11,5315
11,5316
11,5317
11,5318
11,5319
11,5320
11,5321
11,5322
11,5323
11,5324
11,5325
11,5326
11,5327
11,5328
11,5329
11,5330
11,5331
11,5332
11,5333
11,5334
11,5335
11,5336
11,5337
11,5339
11,5342
11,5343
11,5344
11,5345
11,5346
11,5347
11,5348
11,5349
11,5350
11,5351
11,5352
11,5353
11,5354
11,5355
11,5356
11,5357
11,5358
11,5359
11,5360
11,5361
11,5362
11,5363
11,5364
11,5365
11,5366
11,5367
11,5368
11,5369
11,5370
11,5371
11,5372
11,5373
11,5374
11,5375
11,5376
11,5377
11,5378
11,5379
11,5380
11,5381
11,5382
11,5383
11,5384
11,5385
11,5386
11,5387
11,5388
11,5389
11,5390
11,5391
11,5392
11,5393
11,5394
11,5395
11,5396
11,5397
11,5398
11,5399
11,5400
11,5401
11,5402
11,5403
11,5404
11,5405
11,5406
11,5407
11,5408
11,5409
11,5410
11,5411
11,5412
11,5413
11,5414
11,5415
11,5416
11,5417
11,5418
11,5419
11,5420
11,5421
11,5422
11,5423
11,5424
11,5425
11,5426
11,5427
11,5428
11,5429
11,5430
11,5431
11,5432
11,5433
11,5434
11,5435
11,5436
11,5437
11,5438
11,5439
11,5440
11,5441
11,5442
11,5443
11,5444
11,5445
11,5446
11,5447
11,5448
11,5449
11,5450
11,5451
11,5452
11,5453
11,5454
11,5455
11,5456
11,5457
11,5458
11,5459
11,5460
11,5461
11,5462
11,5463
11,5464
11,5465
11,5466
11,5467
11,5468
11,5469
11,5470
11,5471
11,5472
11,5473
11,5474
11,5475
11,5476
11,5477
11,5478
11,5479
11,5480
11,5481
11,5482
11,5483
11,5484
11,5485
11,5486
11,5487
11,5488
11,5489
11,5490
11,5491
11,5492
11,5493
11,5494
11,5495
11,5496
11,5497
11,5498
11,5499
11,5500
11,5502
11,5503
11,5504
11,5505
11,5506
11,5507
11,5508
11,5509
11,5510
11,5511
11,5520
11,5521
11,5522
11,5523
11,5524
11,5525
11,5526
11,5527
12,4523
12,4524
12,4525
12,4526
12,4527
12,4528
12,4529
12,4530
12,4531
12,4532
12,4533
12,4534
12,4535
12,4536
12,4537
12,4538
12,4539
12,4540
12,4541
12,4542
12,4543
12,4544
12,4545
12,4546
12,4547
12,4548
12,4549
12,4550
12,4551
12,4552
12,4553
12,4554
12,4555
12,4556
12,4557
12,4558
12,4559
12,4560
12,4561
12,4562
12,4563
12,4564
12,4565
12,4566
12,4567
12,4568
12,4569
12,4570
12,4571
12,4572
12,4573
12,4574
12,4575
12,4576
12,4577
12,4578
12,4579
12,4580
12,4581
12,4582
12,4583
12,4584
12,4585
12,4629
12,4631
12,4632
12,4633
12,4635
12,4636
12,4637
12,4638
12,4639
12,4640
12,4641
12,4642
12,4643
12,4644
12,4645
12,4652
12,4653
12,4699
12,4700
12,4701
12,4702
12,4703
12,4708
12,4709
12,4710
12,4711
12,4722
12,4723
12,4747
12,4748
12,4749
12,4750
12,4751
12,4752
12,4753
12,4754
12,4755
12,4756
12,4757
12,4758
12,4760
12,4761
12,4762
12,4763
12,4764
12,4765
12,4766
12,4767
12,4768
12,4769
12,4770
12,4771
12,4772
12,4773
12,4774
12,4775
12,4776
12,4777
12,4778
12,4779
12,4780
12,4781
12,4782
12,4783
12,4784
12,4785
12,4786
12,4787
12,4788
12,4789
12,4790
12,4791
12,4792
12,4793
12,4794
12,4795
12,4796
12,4797
12,4798
12,4799
12,4800
12,4801
12,4802
12,4803
12,4804
12,4805
12,4806
12,4807
12,4808
12,4809
12,4810
12,4811
12,4812
12,4813
12,4814
12,4815
12,4816
12,4817
12,4818
12,4819
12,4820
12,4831
12,4832
12,4833
12,4834
12,4835
12,4836
12,4837
12,4838
12,4839
12,4840
12,4841
12,4842
12,4843
12,4844
12,4845
12,4846
12,4847
12,4848
12,4849
12,4850
12,4851
12,4852
12,4853
12,4854
12,4855
12,4856
12,4857
12,4858
12,4859
12,4860
12,4861
12,4862
12,4863
12,4864
12,4865
12,4866
12,4867
12,4868
12,4869
12,4870
12,4871
12,4872
12,4873
12,4874
12,4875
12,4876
12,4877
12,4878
12,4879
12,4880
12,4881
12,4882
12,4883
12,4884
12,4885
12,4886
12,4887
12,4888
12,4889
12,4890
12,4891
12,4892
12,4893
12,4894
12,4895
12,4896
12,4897
12,4898
12,4899
12,4900
12,4901
12,4902
12,4903
12,4904
12,4905
12,4906
12,4907
12,4908
12,4909
12,4910
12,4911
13,1672
13,1673
13,1674
13,1675
13,1676
13,1677
13,1678
13,1679
13,1680
13,1681
13,1682
13,1683
13,1684
13,1685
13,1686
13,1687
13,1688
13,1689
13,1690
13,1691
13,1692
13,1693
13,1694
13,1695
13,1696
13,1697
13,1698
13,1699
13,1700
13,1701
13,1702
13,1703
13,1704
13,1705
13,1706
13,1707
13,1708
13,1709
13,1710
13,1711
13,1712
13,1713
13,1714
13,1715
13,1716
13,1717
13,1718
13,1719
13,1720
13,1721
13,1722
13,1723
13,1724
13,1725
13,1726
13,1727
13,1728
13,1729
13,1730
13,1731
13,1732
13,1733
13,1734
13,1735
13,1736
13,1737
13,1738
13,1739
13,1740
13,1741
13,1742
13,1743
13,1744
13,1745
13,1746
13,1747
13,1748
13,1749
13,1750
13,1751
13,1752
13,1753
13,1754
13,1755
13,1756
13,1757
13,1758
13,1759
13,1760
13,1761
13,1762
13,1763
13,1764
13,1765
13,1766
13,1767
13,1768
13,1769
13,1770
13,1771
13,1772
13,1773
13,1774
13,1775
13,1776
13,1777
13,1778
13,1779
13,1780
13,1781
13,1782
13,1783
13,1784
13,1785
13,1786
13,1787
13,1788
13,1789
13,1790
13,1791
13,1792
13,1793
13,1794
13,1795
13,1796
13,1797
13,1798
13,1799
13,1800
13,1801
13,1802
13,1803
13,1804
13,1805
13,1806
13,1807
13,1808
13,1809
13,1810
13,1811
13,1812
13,1813
13,1814
13,1815
13,1816
13,1817
13,1818
13,1819
13,1820
13,1821
13,1822
13,1823
13,1824
13,1825
13,1826
13,1827
13,1828
13,1829
13,1830
13,1831
13,1832
13,1833
13,1834
13,1835
13,1836
13,1837
13,1838
13,1839
13,1840
13,1841
13,1842
13,1843
13,1844
13,1845
13,1846
13,1847
13,1848
13,1849
13,1850
13,1851
13,1852
13,1853
13,1854
13,1855
13,1856
13,1857
13,1858
13,1859
13,1860
13,1861
13,1862
13,1863
13,1864
13,1865
13,1866
13,1867
13,1868
13,1869
13,1870
13,1871
13,1872
13,1873
13,1874
13,1875
13,1876
13,1877
13,1878
13,1879
13,1880
13,1881
13,1882
13,1883
13,1884
13,1885
13,1886
13,1887
13,1888
13,1889
13,1890
13,1891
13,1892
13,1893
13,1894
13,1895
13,1896
13,1897
13,1898
13,1899
13,1900
13,1901
13,1902
13,1903
13,1904
13,1905
13,1906
13,1907
13,1908
13,1909
13,1910
13,1911
13,1912
13,1913
13,1914
13,1915
13,1916
13,1917
13,1918
13,1919
13,1920
13,1921
13,1922
13,1923
13,1924
13,1925
13,1926
13,1927
13,1928
13,1929
13,1930
13,1931
13,1932
13,1933
13,1934
13,1935
13,1936
13,1937
13,1938
13,1939
13,1940
13,1941
13,1942
13,1943
13,1944
13,1945
13,1946
13,1947
13,1948
13,1949
13,1950
13,1951
13,1952
13,1953
13,1954
13,1955
13,1956
13,1957
13,1958
13,1959
13,1960
13,1961
13,1962
13,1963
13,1964
13,1965
13,1966
13,1967
13,1968
13,1969
13,1970
14,3742
14,3743
14,3744
14,3745
14,3746
14,3747
14,3748
14,3749
14,3750
14,3751
14,3752
14,3753
14,3754
14,3755
14,3756
14,3757
14,3758
14,3759
14,3760
14,3761
14,3762
14,3763
14,3764
14,3765
14,3766
14,3767
14,3769
14,3770
14,3771
14,3772
14,3773
14,3774
14,3775
14,3776
14,3777
14,3778
14,3779
14,3780
14,3781
14,3782
14,3783
14,3784
14,3785
14,3786
14,3787
14,3788
14,3789
14,3790
14,3791
14,3792
14,3793
14,3794
14,3795
14,3796
14,3797
14,3798
14,3799
14,3800
14,3801
14,3802
14,3803
14,3804
14,3805
14,3806
14,3807
14,3808
14,3809
14,3810
14,3811
14,3812
14,3813
14,3814
14,3815
14,3816
14,3817
14,3818
14,3819
14,3820
14,3821
14,3822
14,3823
14,3824
14,3825
14,3826
14,3827
14,3828
14,3829
14,3830
14,3831
14,3832
14,3833
14,3834
14,3835
14,3836
14,3837
14,3838
14,3839
14,3840
14,3841
14,3842
14,3843
14,3844
14,3845
14,3846
14,3847
14,3848
14,3849
14,3850
14,3851
14,3852
14,3853
14,3854
14,3855
14,3856
14,3857
14,3858
14,3859
14,3860
14,3861
14,3862
14,3863
14,3864
14,3865
14,3866
14,3867
14,3868
14,3869
14,3870
14,3871
14,3872
14,3873
14,3874
14,3875
14,3876
14,3877
14,3878
14,3879
14,3880
14,3881
14,3882
14,3883
14,3884
14,3885
14,3886
14,3887
14,3888
14,3889
14,3890
14,3891
14,3892
14,3893
14,3894
14,3895
14,3896
14,3897
14,3898
14,3900
14,3901
14,3902
14,3904
14,3905
14,3906
14,3907
14,3908
14,3909
14,3914
14,3915
14,3916
14,3917
14,3918
14,3919
14,3920
14,3921
14,3922
14,3923
14,3924
14,3925
14,3926
14,3927
14,3928
14,3929
14,3930
14,3931
14,3932
14,3933
14,3934
14,3996
15,4269
15,4270
15,4271
15,4272
15,4273
15,4274
15,4275
15,4276
15,4277
15,4278
15,4279
15,4280
15,4281
15,4282
15,4283
15,4284
15,4285
15,4286
15,4287
15,4288
15,4289
15,4290
15,4291
15,4292
15,4293
15,4294
15,4295
15,4296
15,4297
15,4298
15,4299
15,4300
15,4301
15,4302
15,4303
15,4304
15,4305
15,4306
15,4307
15,4308
15,4309
15,4310
15,4311
15,4312
15,4313
15,4314
15,4315
15,4316
15,4317
15,4318
15,4319
15,4320
15,4321
15,4322
15,4323
15,4324
15,4325
15,4326
15,4327
15,4328
15,4329
15,4330
15,4331
15,4332
15,4333
15,4334
15,4335
15,4336
15,4337
15,4338
15,4339
15,4340
15,4341
15,4342
15,4343
15,4344
15,4345
15,4346
15,4347
15,4348
15,4349
15,4350
15,4351
15,4352
15,4353
15,4354
15,4355
15,4356
15,4357
15,4358
15,4359
15,4360
15,4361
15,4362
15,4363
15,4364
15,4365
15,4366
15,4367
15,4368
15,4369
15,4370
15,4371
15,4372
15,4373
15,4374
15,4375
15,4376
15,4377
15,4378
15,4379
15,4380
15,4381
15,4382
15,4383
15,4384
15,4385
15,4386
15,4387
15,4388
15,4389
15,4390
15,4391
15,4392
15,4393
15,4394
15,4395
15,4396
15,4397
15,4398
15,4399
15,4400
15,4401
15,4402
15,4403
15,4404
15,4405
15,4406
15,4407
15,4408
15,4409
15,4410
15,4411
15,4412
15,4413
15,4414
15,4415
15,4416
15,4417
15,4418
15,4419
15,4420
15,4421
15,4422
15,4423
15,4424
15,4425
15,4426
15,4427
15,4428
15,4429
15,4430
15,4431
15,4432
15,4433
15,4434
15,4435
15,4436
15,4437
15,4438
15,4439
15,4440
15,4441
15,4442
15,4443
15,4444
15,4445
15,4446
15,4447
15,4448
15,4449
15,4450
15,4451
15,4452
15,4453
15,4454
15,4455
15,4456
15,4457
15,4458
15,4459
15,4460
15,4461
15,4462
15,4463
15,4464
15,4465
15,4466
15,4467
15,4468
15,4469
15,4470
15,4471
15,4472
15,4473
15,4474
15,4475
15,4476
15,4477
15,4478
15,4479
15,4480
15,4481
15,4482
15,4483
15,4484
15,4485
15,4486
15,4487
15,4488
15,4489
15,4490
15,4491
15,4492
15,4493
15,4494
15,4495
15,4496
15,4497
15,4498
15,4499
15,4500
15,4501
15,4502
15,4503
15,4504
15,4505
15,4506
15,4507
15,4508
15,4509
15,4510
15,4511
15,4512
15,4513
15,4514
15,4515
15,4516
15,4517
15,4518
15,4519
15,4520
15,4521
15,4522
16,3163
16,3164
16,3165
16,3166
16,3167
16,3168
16,3169
16,3170
16,3171
16,3174
16,3175
16,3176
16,3177
16,3178
16,3179
16,3180
16,3181
16,3182
16,3183
16,3184
16,3185
16,3186
16,3187
16,3188
16,3189
16,3190
16,3191
16,3192
16,3193
16,3194
16,3195
16,3196
16,3197
16,3198
16,3199
16,3200
16,3201
16,3202
16,3203
16,3204
16,3205
16,3206
16,3207
16,3208
16,3209
16,3210
16,3211
16,3212
16,3213
16,3214
16,3215
16,3216
16,3242
16,3243
16,3244
16,3245
16,3246
16,3247
16,3248
16,3249
16,3250
16,3251
16,3252
16,3253
16,3254
16,3255
16,3256
16,3257
16,3258
16,3259
16,3260
16,3261
16,3262
16,3263
16,3264
16,3265
16,3266
16,3267
16,3268
16,3269
16,3270
16,3271
16,3272
16,3280
16,3281
16,3282
16,3283
16,3284
16,3285
16,3286
16,3287
16,3288
16,3289
16,3290
16,3291
16,3292
16,3293
16,3294
16,3295
16,3296
16,3297
16,3298
16,3299
16,3300
16,3301
16,3302
16,3303
16,3304
16,3305
16,3306
16,3307
16,3308
16,3309
16,3310
16,3311
16,3312
16,3313
16,3314
16,3315
16,3316
16,3320
16,3321
16,3322
16,3323
16,3324
16,3325
16,3326
16,3327
16,3328
16,3329
16,3330
16,3331
16,3332
16,3333
16,3334
16,3335
16,3336
16,3337
16,3338
16,3339
16,3340
16,3341
16,3342
16,3343
16,3344
16,3345
16,3346
16,3347
16,3348
16,3349
16,3350
16,3351
16,3352
16,3353
16,3354
16,3355
16,3365
16,3366
16,3367
16,3368
16,3369
16,3384
16,3385
16,3399
16,3400
16,3401
16,3402
16,3403
16,3404
16,3405
16,3406
16,3407
16,3408
16,3409
16,3410
16,3411
16,3412
16,3413
16,3414
16,3415
16,3416
16,3417
16,3418
16,3419
16,3420
16,3421
16,3422
16,3423
16,3424
16,3425
16,3426
16,3427
16,3428
16,3429
16,3433
16,3434
16,3435
16,3436
16,3437
16,3438
16,3439
16,3440
16,3441
16,3442
16,3443
16,3444
16,3445
16,3446
16,3447
16,3448
16,3449
16,3450
16,3451
16,3452
16,3473
16,3474
16,3475
16,3476
16,3477
16,3478
16,3479
16,3480
16,3481
16,3482
16,3483
16,3484
16,3486
16,3487
16,3488
16,3489
16,3490
16,3491
16,3492
16,3493
16,3497
16,3498
16,3499
16,3500
16,3501
16,3502
16,3503
16,3506
16,3507
16,3508
16,3509
16,3510
16,3511
16,3523
16,3524
16,3526
17,747
17,748
17,749
17,750
17,751
17,752
17,753
17,754
17,755
17,756
17,757
17,758
17,759
17,760
17,761
17,762
17,763
17,764
17,765
17,766
17,767
17,768
17,769
17,770
17,771
17,772
17,773
17,774
17,775
17,776
17,777
17,778
17,779
17,780
17,781
17,782
17,783
17,784
17,785
17,786
17,787
17,788
17,789
17,790
17,791
17,792
17,793
17,794
17,795
17,796
17,797
17,798
17,799
17,800
17,801
17,802
17,803
17,804
17,805
17,806
17,807
17,808
17,809
17,810
17,811
17,812
17,813
17,814
17,815
17,816
17,817
17,818
17,819
17,820
17,3172
17,3173
17,3235
17,3236
17,3237
17,3238
17,3239
17,3240
17,3241
17,3273
17,3274
17,3275
17,3276
17,3277
17,3278
17,3279
17,3317
17,3318
17,3319
17,3356
17,3357
17,3358
17,3359
17,3360
17,3361
17,3362
17,3363
17,3364
17,3370
17,3371
17,3372
17,3373
17,3374
17,3375
17,3377
17,3378
17,3379
17,3380
17,3381
17,3382
17,3383
17,3386
17,3387
17,3388
17,3389
17,3390
17,3391
17,3392
17,3393
17,3394
17,3395
17,3396
17,3397
17,3398
17,3494
17,3495
17,3496
17,3512
17,3513
17,3514
17,3515
17,3516
17,3517
17,3518
17,3519
17,3520
17,3521
17,3533
17,3534
17,3535
17,3536
17,3537
17,3538
17,3539
17,3540
17,3541
17,3558
17,3559
17,3560
17,3561
17,3562
17,3582
17,3583
17,3584
17,3585
17,3586
17,3587
17,3588
17,3589
17,3594
17,3602
17,3603
17,3604
17,3605
17,5536
17,5546
18,1971
18,1972
18,1973
18,1974
18,1975
18,1976
18,1977
18,1978
18,1979
18,1980
18,1981
18,1982
18,1983
18,1984
18,1985
18,1986
18,1987
18,1988
18,1989
18,1990
18,1991
18,1992
18,1993
18,1994
18,1995
18,2002
18,2003
18,2004
18,2005
18,2006
18,2007
18,2008
18,2009
18,2010
18,2011
18,2012
18,2018
18,2021
18,2022
18,2023
18,2024
18,2025
18,2026
18,2027
18,2028
18,2029
18,2030
18,2031
18,2032
18,2033
18,2034
18,2035
18,2046
18,2048
18,2049
18,2050
18,2051
18,2052
18,2053
18,2054
18,2055
18,2056
18,2057
18,2058
18,2059
18,2060
18,2061
18,2062
18,2063
18,2340
18,2341
18,2342
18,2343
18,2344
18,2345
18,2346
18,2347
18,2348
18,2349
18,2350
18,2351
18,2352
18,2353
18,2354
18,2355
18,2356
18,2357
18,2358
18,2359
18,2360
18,2361
18,2362
18,2363
18,2364
18,2365
18,2366
18,2367
18,2368
18,2369
18,2370
18,2371
18,2372
18,2373
18,2374
18,2375
18,2376
18,2377
18,2378
18,2379
18,2380
18,2381
18,2382
18,2383
18,2384
18,2385
18,2386
18,2387
18,2388
18,2389
18,2390
18,2391
18,2392
18,2393
18,2394
18,2395
18,2396
18,2397
18,2398
18,2399
18,2400
18,2401
18,2402
18,2403
18,2404
18,2405
18,2406
18,2407
18,2408
18,2409
18,2410
18,2411
18,2412
18,2413
18,2414
18,2415
18,2416
18,2417
18,2418
18,2419
18,2420
18,2421
18,2422
18,2423
18,2424
18,2425
18,2426
18,2427
18,2428
18,2429
18,2430
18,2431
18,2432
18,2433
18,2434
18,2435
18,2436
18,2437
18,2438
18,2439
18,2440
18,2441
18,2442
18,2443
18,2444
18,2445
18,2446
18,2447
18,2448
18,2449
18,2450
18,2451
18,2452
18,2453
18,2454
18,2455
18,2456
18,2457
18,2458
18,2459
18,2460
18,2461
18,2462
18,2463
18,2464
18,2465
18,2466
18,2467
18,2468
18,2469
18,2470
18,2471
18,2472
18,2473
18,2474
18,2475
18,2476
18,2477
18,2478
18,2479
18,2480
18,2481
18,2482
18,2483
18,2484
18,2485
18,2486
18,2487
18,2488
18,2489
18,2490
18,2491
18,2492
18,2493
18,2494
18,2495
18,2496
18,2497
18,2498
18,2499
18,2500
18,2510
18,2511
18,2512
18,2513
18,2514
18,2542
18,2543
18,2649
18,2650
18,2651
18,2652
18,2653
18,2654
18,2655
18,2656
18,2657
18,2658
18,2659
18,2660
18,2661
18,2742
18,2743
18,2744
18,2745
18,2746
18,2747
18,2748
18,2749
18,2750
18,2751
18,2841
19,2019
19,2020
19,2036
19,2037
19,2038
19,2039
19,2040
19,2041
19,2042
19,2043
19,2044
19,2045
19,2047
19,2064
19,2235
19,2238
19,2239
19,2240
19,2241
19,2242
19,2243
19,2244
19,2245
19,2246
19,2247
19,2248
19,2249
19,2250
19,2251
19,2252
19,2253
19,2254
19,2255
19,2256
19,2257
19,2258
19,2259
19,2260
19,2261
19,2262
19,2263
19,2264
19,2265
19,2266
19,2267
19,2268
19,2269
19,2270
19,2271
19,2272
19,2273
19,2274
19,2275
19,2276
19,2277
19,2278
19,2279
19,2280
19,2281
19,2282
19,2283
19,2284
19,2285
19,2286
19,2287
19,2288
19,2289
19,2290
19,2293
19,2294
19,2295
19,2296
19,2297
19,2298
19,2299
19,2300
19,2301
19,2302
19,2303
19,2304
19,2305
19,2306
19,2307
19,2308
19,2309
19,2310
19,2311
19,2313
19,2314
19,2315
19,2316
19,2317
19,2318
19,2319
19,2320
19,2321
19,2326
19,2331
19,2332
19,2333
19,2334
19,2335
19,2501
19,2502
19,2503
19,2504
19,2505
19,2506
19,2507
19,2508
19,2509
19,2515
19,2516
19,2517
19,2518
19,2519
19,2520
19,2521
19,2522
19,2523
19,2524
19,2525
19,2526
19,2527
19,2528
19,2529
19,2530
19,2531
19,2532
19,2533
19,2534
19,2535
19,2536
19,2537
19,2538
19,2539
19,2540
19,2541
19,2544
19,2545
19,2546
19,2547
19,2548
19,2549
19,2550
19,2551
19,2552
19,2553
19,2554
19,2555
19,2556
19,2557
19,2558
19,2559
19,2560
19,2561
19,2562
19,2619
19,2620
19,2621
19,2622
19,2623
19,2624
19,2625
19,2626
19,2627
19,2628
19,2629
19,2630
19,2631
19,2632
19,2633
19,2634
19,2635
19,2636
19,2637
19,2638
19,2672
19,2673
19,2674
19,2675
19,2676
19,2677
19,2678
19,2679
19,2680
19,2681
19,2682
19,2683
19,2684
19,2685
19,2722
19,2723
19,2724
19,2725
19,2726
19,2727
19,2728
19,2729
19,2730
19,2767
19,2768
19,2769
19,2770
19,2771
19,2772
19,2773
19,2774
19,2775
19,2776
19,2777
19,2778
19,2822
19,2823
19,2824
19,2825
19,2826
19,2827
19,2858
19,2868
19,2963
19,2968
19,2969
19,2970
19,2971
19,5516
20,1996
20,1997
20,1998
20,1999
20,2000
20,2001
20,2013
20,2014
20,2015
20,2016
20,2017
20,2065
20,2066
20,2067
20,2068
20,2069
20,2070
20,2071
20,2072
20,2073
20,2074
20,2075
20,2076
20,2077
20,2078
20,2079
20,2080
20,2081
20,2082
20,2083
20,2084
20,2085
20,2086
20,2087
20,2088
20,2089
20,2090
20,2091
20,2092
20,2093
20,2094
20,2095
20,2096
20,2097
20,2098
20,2099
20,2100
20,2101
20,2102
20,2103
20,2104
20,2105
20,2106
20,2107
20,2108
20,2109
20,2110
20,2111
20,2112
20,2113
20,2114
20,2115
20,2116
20,2117
20,2118
20,2119
20,2120
20,2121
20,2122
20,2123
20,2124
20,2125
20,2126
20,2127
20,2128
20,2129
20,2130
20,2131
20,2132
20,2133
20,2134
20,2135
20,2136
20,2137
20,2138
20,2139
20,2140
20,2141
20,2142
20,2143
20,2144
20,2145
20,2146
20,2147
20,2148
20,2149
20,2150
20,2151
20,2152
20,2153
20,2154
20,2155
20,2156
20,2157
20,2158
20,2159
20,2160
20,2161
20,2162
20,2163
20,2164
20,2165
20,2166
20,2167
20,2168
20,2169
20,2170
20,2171
20,2172
20,2173
20,2174
20,2175
20,2176
20,2177
20,2178
20,2179
20,2180
20,2181
20,2182
20,2183
20,2184
20,2185
20,2186
20,2187
20,2188
20,2189
20,2190
20,2191
20,2192
20,2193
20,2194
20,2195
20,2196
20,2197
20,2198
20,2199
20,2200
20,2201
20,2202
20,2203
20,2204
20,2205
20,2206
20,2207
20,2208
20,2209
20,2210
20,2211
20,2212
20,2213
20,2214
20,2215
20,2216
20,2217
20,2218
20,2219
20,2220
20,2221
20,2222
20,2223
20,2224
20,2225
20,2226
20,2227
20,2228
20,2229
20,2230
20,2231
20,2232
20,2233
20,2234
20,2236
20,2237
20,2291
20,2292
20,2312
20,2322
20,2323
20,2324
20,2325
20,2327
20,2328
20,2329
20,2330
20,2336
20,2337
20,2338
20,2339
20,5517
21,3119
21,3120
21,3121
21,3122
21,3123
21,3124
21,3125
21,3126
21,3127
21,3128
21,3129
21,3130
21,3131
21,3132
21,3133
21,3134
21,3135
21,3136
21,3137
21,3138
21,3139
21,3140
21,3141
21,3142
21,3143
21,3144
21,3145
21,3146
21,3147
21,3148
21,3149
21,3150
21,3151
21,3152
21,3153
21,3154
21,3155
21,3156
21,3157
21,3158
21,3159
21,3160
21,3161
21,3162
21,4127
21,4149
21,4150
21,4151
21,4152
21,4157
21,4158
21,4159
21,4160
21,4161
21,4162
21,4163
21,4164
21,4165
21,4166
21,4167
21,4168
21,4169
21,4170
21,4171
21,4172
21,4173
21,4174
21,4175
21,4176
21,4177
21,4178
21,4179
21,4180
21,4181
21,4182
21,4183
21,4195
21,4197
21,4198
21,4199
21,4200
21,4201
21,4217
21,4218
21,4219
21,4220
21,4221
21,4222
21,4223
21,4224
21,4225
21,4226
21,4227
21,4228
21,4229
21,4230
21,4234
21,4235
21,4236
21,4237
21,4238
21,4239
21,4240
21,4241
21,4242
21,4243
21,4244
21,4245
21,4246
21,4247
21,4248
21,4249
21,4250
21,4251
21,4252
21,4253
21,4254
21,4255
21,4256
21,4257
21,4258
21,4259
21,4260
21,4261
21,4262
21,4263
21,4264
21,4265
21,4266
21,4268
21,5545
22,2563
22,2564
22,2565
22,2566
22,2567
22,2568
22,2569
22,2570
22,2571
22,2572
22,2573
22,2574
22,2575
22,2576
22,2577
22,2578
22,2579
22,2580
22,2581
22,2582
22,2583
22,2584
22,2585
22,2586
22,2587
22,2588
22,2589
22,2590
22,2591
22,2592
22,2593
22,2594
22,2595
22,2596
22,2597
22,2598
22,2599
22,2600
22,2601
22,2602
22,2603
22,2604
22,2605
22,2606
22,2607
22,2608
22,2609
22,2610
22,2611
22,2612
22,2613
22,2614
22,2615
22,2616
22,2617
22,2618
22,2686
22,2687
22,2688
22,2689
22,2690
22,2691
22,2692
22,2693
22,2694
22,2695
22,2696
22,2697
22,2698
22,2699
22,2700
22,2701
22,2702
22,2703
22,2704
22,2705
22,2706
22,2707
22,2708
22,2709
22,2710
22,2711
22,2712
22,2713
22,2714
22,2715
22,2716
22,2717
22,2718
22,2719
22,2720
22,2721
22,2779
22,2780
22,2781
22,2782
22,2783
22,2784
22,2785
22,2786
22,2787
22,2788
22,2789
22,2790
22,2791
22,2792
22,2793
22,2794
22,2795
22,2796
22,2797
22,2798
22,2799
22,2800
22,2801
22,2802
22,2803
22,2804
22,2805
22,2806
22,2807
22,2808
22,2809
22,2810
22,2811
22,2812
22,2813
22,2814
22,2815
22,2816
22,2817
22,2818
22,2819
22,2820
22,2821
22,2859
22,2860
22,2861
22,2862
22,2863
22,2864
22,2865
22,2866
22,2867
22,2964
22,2965
23,345
23,346
23,347
23,348
23,349
23,350
23,351
23,352
23,353
23,354
23,355
23,356
23,357
23,358
23,359
23,360
23,361
23,362
23,363
23,364
23,365
23,366
23,367
23,368
23,369
23,370
23,371
23,372
23,373
23,374
23,375
23,376
23,377
23,378
23,379
23,380
23,381
23,382
23,383
23,384
23,385
23,386
23,387
23,388
23,389
23,390
23,391
23,392
23,393
23,394
23,395
23,396
23,397
23,398
23,399
23,400
23,401
23,402
23,403
23,404
23,405
23,406
23,407
23,408
23,409
23,410
23,411
23,412
23,413
23,414
23,415
23,416
23,417
23,418
23,419
23,420
23,421
23,422
23,423
23,424
23,425
23,426
23,427
23,428
23,429
23,430
23,431
23,432
23,433
23,434
23,435
23,436
23,437
23,438
23,439
23,440
23,441
23,442
23,443
23,444
23,445
23,446
23,447
23,448
23,449
23,450
23,451
23,452
23,453
23,454
23,455
23,456
23,457
23,458
23,459
23,460
23,461
23,462
23,463
23,464
23,465
23,466
23,467
23,468
23,469
23,470
23,471
23,472
23,473
23,474
23,475
23,476
23,477
23,478
23,479
23,480
23,481
23,482
23,483
23,484
23,485
23,486
23,487
23,488
23,489
23,490
23,491
23,492
23,493
23,494
23,495
23,496
23,497
23,498
23,499
23,500
23,501
23,502
23,503
23,504
23,505
23,506
23,507
23,508
23,509
23,510
23,511
23,512
23,513
23,514
23,515
23,524
23,525
23,526
23,550
23,551
23,565
23,566
23,567
23,586
23,587
23,605
23,622
23,623
23,624
23,625
23,645
23,646
23,677
23,678
23,679
23,691
23,693
23,694
23,695
23,696
23,697
23,698
23,699
23,700
23,701
23,702
23,703
23,704
23,705
23,706
23,707
23,708
23,709
23,710
23,711
23,712
23,713
23,714
23,715
23,716
23,717
23,718
23,719
23,720
23,721
23,722
23,723
23,724
23,725
23,726
23,727
23,728
23,729
23,730
23,731
23,732
23,733
23,734
23,735
23,736
23,737
23,738
23,739
23,740
23,741
23,742
23,743
23,744
23,745
23,746
23,5515
24,516
24,517
24,518
24,519
24,520
24,521
24,522
24,523
24,527
24,528
24,529
24,530
24,531
24,532
24,533
24,534
24,535
24,536
24,537
24,538
24,539
24,540
24,541
24,542
24,543
24,544
24,545
24,546
24,547
24,548
24,549
24,552
24,553
24,554
24,555
24,556
24,557
24,558
24,559
24,560
24,561
24,562
24,563
24,564
24,568
24,569
24,570
24,571
24,572
24,573
24,574
24,575
24,576
24,577
24,578
24,579
24,580
24,581
24,582
24,583
24,584
24,585
24,588
24,589
24,590
24,591
24,592
24,593
24,594
24,595
24,596
24,597
24,598
24,599
24,600
24,601
24,602
24,603
24,604
24,606
24,607
24,608
24,609
24,610
24,611
24,612
24,613
24,614
24,615
24,616
24,617
24,618
24,619
24,620
24,621
24,626
24,627
24,628
24,629
24,630
24,631
24,632
24,633
24,634
24,635
24,636
24,637
24,638
24,639
24,640
24,641
24,642
24,643
24,644
24,647
24,648
24,649
24,650
24,651
24,652
24,653
24,654
24,655
24,656
24,657
24,658
24,659
24,660
24,661
24,662
24,663
24,664
24,665
24,666
24,667
24,668
24,669
24,670
24,671
24,672
24,673
24,674
24,675
24,676
24,680
24,681
24,682
24,683
24,684
24,685
24,686
24,687
24,688
24,689
24,690
24,692
24,4095
24,4096
24,4097
24,4098
24,4099
24,4100
24,4101
24,4102
24,4103
24,4104
24,4105
24,4106
24,4107
24,4108
24,4109
24,4110
24,4111
24,4112
24,4113
24,4114
24,4115
24,4116
24,4117
24,4118
24,4119
24,4120
24,4121
24,4122
24,4123
24,4124
24,4125
24,4126
24,4128
24,4129
24,4130
24,4131
24,4132
24,4133
24,4134
24,4135
24,4136
24,4137
24,4138
24,4139
24,4140
24,4141
24,4142
24,4143
24,4144
24,4145
24,4146
24,4147
24,4148
24,4184
24,4185
24,4186
24,4187
24,4188
24,4189
24,4190
24,4191
24,4192
24,4193
24,4194
24,4196
24,4202
24,4203
24,4204
24,4205
24,4206
24,4207
24,4208
24,4209
24,4210
24,4211
24,4212
24,4213
24,4214
24,4215
24,4216
24,4231
24,4232
24,4233
24,4267
24,5547
